number,name,status
1,PEP 1,Active
236,PEP 236,Final
235,PEP 235,Final
240,PEP 240,Rejected
239,PEP 239,Rejected
238,PEP 238,Final
241,PEP 241,Final
242,PEP 242,Rejected
237,PEP 237,Final
243,PEP 243,Withdrawn
233,PEP 233,Deferred
232,PEP 232,Final
234,PEP 234,Final
231,PEP 231,Rejected
230,PEP 230,Final
229,PEP 229,Final
8101,PEP 8101,Active
8103,PEP 8103,Active
8100,PEP 8100,Active
8102,PEP 8102,Active
8014,PEP 8014,Rejected
8016,PEP 8016,Accepted
8015,PEP 8015,Rejected
8011,PEP 8011,Rejected
8012,PEP 8012,Rejected
8013,PEP 8013,Rejected
8001,PEP 8001,Final
8010,PEP 8010,Rejected
8000,PEP 8000,Active
8002,PEP 8002,Active
3333,PEP 3333,Final
3156,PEP 3156,Final
3154,PEP 3154,Final
3153,PEP 3153,Superseded
3155,PEP 3155,Final
3150,PEP 3150,Deferred
3152,PEP 3152,Rejected
3151,PEP 3151,Final
3145,PEP 3145,Withdrawn
3149,PEP 3149,Final
3148,PEP 3148,Final
3146,PEP 3146,Withdrawn
3147,PEP 3147,Final
3143,PEP 3143,Deferred
3142,PEP 3142,Rejected
3144,PEP 3144,Final
3141,PEP 3141,Final
3140,PEP 3140,Rejected
3139,PEP 3139,Rejected
3138,PEP 3138,Final
3137,PEP 3137,Final
3136,PEP 3136,Rejected
3135,PEP 3135,Final
3134,PEP 3134,Final
3131,PEP 3131,Final
3133,PEP 3133,Rejected
3132,PEP 3132,Final
3130,PEP 3130,Rejected
3128,PEP 3128,Rejected
3129,PEP 3129,Final
3126,PEP 3126,Rejected
3127,PEP 3127,Final
3125,PEP 3125,Rejected
3124,PEP 3124,Deferred
3123,PEP 3123,Final
3121,PEP 3121,Accepted
3122,PEP 3122,Rejected
3119,PEP 3119,Final
3120,PEP 3120,Final
3118,PEP 3118,Final
3116,PEP 3116,Final
3117,PEP 3117,Rejected
3115,PEP 3115,Final
3114,PEP 3114,Final
3112,PEP 3112,Final
3113,PEP 3113,Final
3111,PEP 3111,Final
3109,PEP 3109,Final
3110,PEP 3110,Final
3108,PEP 3108,Final
3107,PEP 3107,Final
3105,PEP 3105,Final
3104,PEP 3104,Final
3106,PEP 3106,Final
3101,PEP 3101,Final
3103,PEP 3103,Rejected
3102,PEP 3102,Final
3002,PEP 3002,Final
3100,PEP 3100,Final
3099,PEP 3099,Final
3000,PEP 3000,Final
3001,PEP 3001,Withdrawn
3003,PEP 3003,Final
801,PEP 801,Draft
691,PEP 691,Draft
754,PEP 754,Rejected
688,PEP 688,Draft
689,PEP 689,Draft
690,PEP 690,Draft
687,PEP 687,Draft
683,PEP 683,Draft
685,PEP 685,Accepted
686,PEP 686,Draft
684,PEP 684,Draft
682,PEP 682,Final
679,PEP 679,Draft
680,PEP 680,Accepted
678,PEP 678,Accepted
681,PEP 681,Draft
676,PEP 676,Active
675,PEP 675,Accepted
677,PEP 677,Rejected
671,PEP 671,Draft
674,PEP 674,Draft
672,PEP 672,Active
673,PEP 673,Accepted
668,PEP 668,Draft
666,PEP 666,Rejected
669,PEP 669,Draft
667,PEP 667,Draft
670,PEP 670,Accepted
664,PEP 664,Draft
663,PEP 663,Rejected
665,PEP 665,Rejected
662,PEP 662,Rejected
660,PEP 660,Accepted
657,PEP 657,Final
658,PEP 658,Accepted
659,PEP 659,Draft
661,PEP 661,Draft
656,PEP 656,Accepted
655,PEP 655,Accepted
653,PEP 653,Draft
654,PEP 654,Accepted
650,PEP 650,Draft
652,PEP 652,Final
651,PEP 651,Rejected
648,PEP 648,Rejected
649,PEP 649,Draft
647,PEP 647,Accepted
646,PEP 646,Accepted
644,PEP 644,Final
645,PEP 645,Withdrawn
643,PEP 643,Final
641,PEP 641,Rejected
640,PEP 640,Rejected
642,PEP 642,Rejected
638,PEP 638,Draft
637,PEP 637,Rejected
639,PEP 639,Draft
636,PEP 636,Final
635,PEP 635,Final
632,PEP 632,Accepted
634,PEP 634,Accepted
633,PEP 633,Rejected
631,PEP 631,Superseded
630,PEP 630,Active
629,PEP 629,Final
628,PEP 628,Final
625,PEP 625,Draft
626,PEP 626,Final
627,PEP 627,Accepted
624,PEP 624,Final
621,PEP 621,Final
623,PEP 623,Final
620,PEP 620,Draft
622,PEP 622,Superseded
619,PEP 619,Draft
618,PEP 618,Final
616,PEP 616,Accepted
614,PEP 614,Final
617,PEP 617,Accepted
613,PEP 613,Accepted
615,PEP 615,Accepted
611,PEP 611,Withdrawn
610,PEP 610,Final
612,PEP 612,Accepted
608,PEP 608,Rejected
609,PEP 609,Active
607,PEP 607,Final
606,PEP 606,Rejected
605,PEP 605,Rejected
604,PEP 604,Accepted
603,PEP 603,Draft
601,PEP 601,Rejected
602,PEP 602,Accepted
600,PEP 600,Accepted
599,PEP 599,Superseded
598,PEP 598,Withdrawn
596,PEP 596,Active
595,PEP 595,Withdrawn
597,PEP 597,Final
594,PEP 594,Accepted
591,PEP 591,Accepted
593,PEP 593,Accepted
592,PEP 592,Final
589,PEP 589,Accepted
588,PEP 588,Draft
590,PEP 590,Accepted
587,PEP 587,Final
586,PEP 586,Accepted
584,PEP 584,Final
585,PEP 585,Accepted
583,PEP 583,Withdrawn
582,PEP 582,Draft
581,PEP 581,Accepted
580,PEP 580,Rejected
579,PEP 579,Final
578,PEP 578,Accepted
577,PEP 577,Withdrawn
576,PEP 576,Withdrawn
575,PEP 575,Withdrawn
574,PEP 574,Final
573,PEP 573,Final
571,PEP 571,Superseded
570,PEP 570,Final
569,PEP 569,Active
566,PEP 566,Final
567,PEP 567,Final
568,PEP 568,Deferred
565,PEP 565,Final
572,PEP 572,Accepted
563,PEP 563,Accepted
561,PEP 561,Accepted
564,PEP 564,Final
562,PEP 562,Final
560,PEP 560,Accepted
558,PEP 558,Draft
559,PEP 559,Rejected
557,PEP 557,Final
555,PEP 555,Withdrawn
553,PEP 553,Final
556,PEP 556,Deferred
554,PEP 554,Draft
552,PEP 552,Final
548,PEP 548,Rejected
551,PEP 551,Withdrawn
549,PEP 549,Rejected
550,PEP 550,Withdrawn
547,PEP 547,Deferred
545,PEP 545,Final
546,PEP 546,Rejected
544,PEP 544,Accepted
542,PEP 542,Rejected
541,PEP 541,Final
543,PEP 543,Withdrawn
540,PEP 540,Final
537,PEP 537,Active
538,PEP 538,Final
539,PEP 539,Final
536,PEP 536,Deferred
535,PEP 535,Deferred
531,PEP 531,Withdrawn
532,PEP 532,Deferred
533,PEP 533,Deferred
534,PEP 534,Deferred
530,PEP 530,Final
528,PEP 528,Final
529,PEP 529,Final
524,PEP 524,Final
526,PEP 526,Final
527,PEP 527,Final
525,PEP 525,Final
520,PEP 520,Final
521,PEP 521,Withdrawn
519,PEP 519,Final
522,PEP 522,Rejected
523,PEP 523,Final
517,PEP 517,Final
516,PEP 516,Rejected
518,PEP 518,Final
515,PEP 515,Final
513,PEP 513,Superseded
514,PEP 514,Active
512,PEP 512,Final
511,PEP 511,Rejected
509,PEP 509,Final
508,PEP 508,Active
510,PEP 510,Rejected
504,PEP 504,Withdrawn
505,PEP 505,Deferred
506,PEP 506,Final
507,PEP 507,Rejected
503,PEP 503,Accepted
502,PEP 502,Rejected
497,PEP 497,Rejected
500,PEP 500,Rejected
498,PEP 498,Final
499,PEP 499,Deferred
501,PEP 501,Deferred
496,PEP 496,Rejected
494,PEP 494,Final
495,PEP 495,Final
493,PEP 493,Final
490,PEP 490,Rejected
491,PEP 491,Deferred
492,PEP 492,Final
489,PEP 489,Final
488,PEP 488,Final
486,PEP 486,Final
485,PEP 485,Final
487,PEP 487,Final
484,PEP 484,Final
482,PEP 482,Final
483,PEP 483,Final
481,PEP 481,Withdrawn
479,PEP 479,Final
480,PEP 480,Draft
478,PEP 478,Active
477,PEP 477,Final
475,PEP 475,Final
474,PEP 474,Withdrawn
473,PEP 473,Rejected
476,PEP 476,Final
472,PEP 472,Rejected
471,PEP 471,Final
468,PEP 468,Final
469,PEP 469,Withdrawn
470,PEP 470,Final
467,PEP 467,Draft
466,PEP 466,Final
465,PEP 465,Final
464,PEP 464,Final
463,PEP 463,Rejected
461,PEP 461,Final
460,PEP 460,Withdrawn
462,PEP 462,Withdrawn
459,PEP 459,Withdrawn
456,PEP 456,Final
455,PEP 455,Rejected
458,PEP 458,Accepted
457,PEP 457,Final
454,PEP 454,Final
452,PEP 452,Final
450,PEP 450,Final
451,PEP 451,Final
453,PEP 453,Final
448,PEP 448,Final
449,PEP 449,Final
447,PEP 447,Deferred
446,PEP 446,Final
445,PEP 445,Final
444,PEP 444,Deferred
442,PEP 442,Final
440,PEP 440,Active
439,PEP 439,Rejected
441,PEP 441,Final
438,PEP 438,Superseded
443,PEP 443,Final
436,PEP 436,Final
434,PEP 434,Active
437,PEP 437,Rejected
435,PEP 435,Final
433,PEP 433,Superseded
431,PEP 431,Superseded
432,PEP 432,Withdrawn
430,PEP 430,Final
428,PEP 428,Final
429,PEP 429,Final
427,PEP 427,Final
426,PEP 426,Withdrawn
422,PEP 422,Withdrawn
423,PEP 423,Deferred
425,PEP 425,Final
424,PEP 424,Final
421,PEP 421,Final
420,PEP 420,Final
419,PEP 419,Deferred
417,PEP 417,Final
418,PEP 418,Final
416,PEP 416,Rejected
414,PEP 414,Final
415,PEP 415,Final
413,PEP 413,Withdrawn
410,PEP 410,Rejected
412,PEP 412,Final
411,PEP 411,Active
407,PEP 407,Deferred
409,PEP 409,Final
408,PEP 408,Rejected
405,PEP 405,Final
406,PEP 406,Withdrawn
404,PEP 404,Final
403,PEP 403,Deferred
401,PEP 401,April Fool!
402,PEP 402,Rejected
400,PEP 400,Deferred
399,PEP 399,Final
398,PEP 398,Final
397,PEP 397,Final
396,PEP 396,Rejected
395,PEP 395,Withdrawn
393,PEP 393,Final
394,PEP 394,Active
392,PEP 392,Final
391,PEP 391,Final
387,PEP 387,Active
390,PEP 390,Rejected
386,PEP 386,Superseded
389,PEP 389,Final
385,PEP 385,Final
384,PEP 384,Final
383,PEP 383,Final
382,PEP 382,Rejected
381,PEP 381,Withdrawn
378,PEP 378,Final
380,PEP 380,Final
377,PEP 377,Rejected
379,PEP 379,Withdrawn
376,PEP 376,Final
373,PEP 373,Final
375,PEP 375,Final
374,PEP 374,Final
372,PEP 372,Final
371,PEP 371,Final
369,PEP 369,Withdrawn
370,PEP 370,Final
368,PEP 368,Deferred
367,PEP 367,Superseded
366,PEP 366,Final
365,PEP 365,Rejected
363,PEP 363,Rejected
361,PEP 361,Final
364,PEP 364,Withdrawn
362,PEP 362,Final
357,PEP 357,Final
360,PEP 360,Final
359,PEP 359,Withdrawn
358,PEP 358,Final
356,PEP 356,Final
354,PEP 354,Superseded
353,PEP 353,Final
352,PEP 352,Final
355,PEP 355,Rejected
350,PEP 350,Rejected
351,PEP 351,Rejected
349,PEP 349,Rejected
347,PEP 347,Final
346,PEP 346,Withdrawn
348,PEP 348,Rejected
345,PEP 345,Final
341,PEP 341,Final
342,PEP 342,Final
343,PEP 343,Final
344,PEP 344,Superseded
340,PEP 340,Rejected
339,PEP 339,Withdrawn
336,PEP 336,Rejected
337,PEP 337,Deferred
335,PEP 335,Rejected
338,PEP 338,Final
334,PEP 334,Withdrawn
333,PEP 333,Final
332,PEP 332,Rejected
331,PEP 331,Final
329,PEP 329,Rejected
330,PEP 330,Rejected
324,PEP 324,Final
325,PEP 325,Rejected
328,PEP 328,Final
326,PEP 326,Rejected
323,PEP 323,Deferred
327,PEP 327,Final
321,PEP 321,Withdrawn
322,PEP 322,Final
317,PEP 317,Rejected
319,PEP 319,Rejected
318,PEP 318,Final
320,PEP 320,Final
316,PEP 316,Deferred
315,PEP 315,Rejected
314,PEP 314,Final
313,PEP 313,Rejected
312,PEP 312,Deferred
311,PEP 311,Final
310,PEP 310,Rejected
306,PEP 306,Withdrawn
308,PEP 308,Final
309,PEP 309,Final
307,PEP 307,Final
305,PEP 305,Final
304,PEP 304,Withdrawn
302,PEP 302,Final
303,PEP 303,Rejected
299,PEP 299,Rejected
301,PEP 301,Final
297,PEP 297,Rejected
298,PEP 298,Withdrawn
296,PEP 296,Withdrawn
295,PEP 295,Rejected
294,PEP 294,Rejected
293,PEP 293,Final
292,PEP 292,Final
289,PEP 289,Final
291,PEP 291,Final
290,PEP 290,Active
288,PEP 288,Withdrawn
287,PEP 287,Active
285,PEP 285,Final
286,PEP 286,Deferred
284,PEP 284,Rejected
283,PEP 283,Final
282,PEP 282,Final
281,PEP 281,Rejected
280,PEP 280,Deferred
279,PEP 279,Final
278,PEP 278,Final
277,PEP 277,Final
276,PEP 276,Rejected
275,PEP 275,Rejected
271,PEP 271,Rejected
270,PEP 270,Rejected
272,PEP 272,Final
273,PEP 273,Final
274,PEP 274,Final
269,PEP 269,Deferred
268,PEP 268,Rejected
266,PEP 266,Withdrawn
265,PEP 265,Rejected
267,PEP 267,Deferred
264,PEP 264,Final
262,PEP 262,Deferred
261,PEP 261,Final
259,PEP 259,Rejected
256,PEP 256,Rejected
260,PEP 260,Final
257,PEP 257,Active
254,PEP 254,Rejected
263,PEP 263,Final
258,PEP 258,Rejected
255,PEP 255,Final
253,PEP 253,Final
252,PEP 252,Final
250,PEP 250,Final
251,PEP 251,Final
249,PEP 249,Final
247,PEP 247,Final
248,PEP 248,Final
244,PEP 244,Rejected
227,PEP 227,Final
228,PEP 228,Withdrawn
245,PEP 245,Rejected
246,PEP 246,Rejected
221,PEP 221,Final
223,PEP 223,Final
224,PEP 224,Rejected
225,PEP 225,Rejected
222,PEP 222,Deferred
226,PEP 226,Final
219,PEP 219,Deferred
220,PEP 220,Rejected
218,PEP 218,Final
216,PEP 216,Rejected
217,PEP 217,Final
214,PEP 214,Final
215,PEP 215,Superseded
213,PEP 213,Deferred
212,PEP 212,Rejected
211,PEP 211,Rejected
210,PEP 210,Rejected
208,PEP 208,Final
209,PEP 209,Withdrawn
207,PEP 207,Final
205,PEP 205,Final
206,PEP 206,Withdrawn
204,PEP 204,Rejected
203,PEP 203,Final
202,PEP 202,Final
201,PEP 201,Final
200,PEP 200,Final
160,PEP 160,Final
103,PEP 103,Withdrawn
101,PEP 101,Active
100,PEP 100,Final
102,PEP 102,Superseded
42,PEP 42,Withdrawn
12,PEP 12,Active
13,PEP 13,Active
20,PEP 20,Active
11,PEP 11,Active
10,PEP 10,Active
9,PEP 9,Withdrawn
6,PEP 6,Active
7,PEP 7,Active
8,PEP 8,Active
5,PEP 5,Active
4,PEP 4,Active
3,PEP 3,Withdrawn
2,PEP 2,Superseded
